region,year_start,year_end,glacier_mass_at_start,glacier_mass_error_at_start,annual_change_gt,annual_change_error,relative_change,relative_change_error,relative_change_pct,relative_change_error_pct
Global,2000,2001,121728.0,11509.0,-78.04414729402814,111.56095088251794,-0.0006411355423076707,0.0009184797964325705,-0.06411355423076708,0.09184797964325705
Global,2001,2002,121649.95585270597,11509.540687871164,-215.16931097001844,95.3001011576375,-0.0017687578220788333,0.0008010705437812228,-0.17687578220788333,0.08010705437812228
Global,2002,2003,121434.78654173596,11509.935228099352,-128.46636738674923,91.14634450070768,-0.001057904172644933,0.000757246623842241,-0.1057904172644933,0.07572466238422411
Global,2003,2004,121306.32017434921,11510.296113096236,-192.6724697716301,72.79887688516011,-0.001588313531353592,0.0006187588008087651,-0.1588313531353592,0.06187588008087651
Global,2004,2005,121113.64770457758,11510.526325395987,-229.2369109878561,73.022158218317,-0.001892742191590287,0.0006291852637759739,-0.1892742191590287,0.06291852637759739
Global,2005,2006,120884.41079358973,11510.757947382306,-315.0371756633185,74.19065798809451,-0.002606102586720176,0.0006620035797043418,-0.2606102586720176,0.06620035797043418
Global,2006,2007,120569.37361792641,11510.997036614926,-279.8898739792978,72.77317030930298,-0.002321401078736992,0.0006429830487425708,-0.2321401078736992,0.06429830487425708
Global,2007,2008,120289.48374394712,11511.227072353082,-323.16570882967466,71.78509732133082,-0.002686566595610118,0.000649793098174922,-0.2686566595610118,0.0649793098174922
Global,2008,2009,119966.31803511744,11511.450899494466,-178.6324817323364,71.86184704387401,-0.0014890219576468601,0.0006158213452700328,-0.14890219576468602,0.061582134527003285
Global,2009,2010,119787.6855533851,11511.675201139602,-231.2381243724868,71.29354455724742,-0.0019303998011501124,0.000623407887910524,-0.19303998011501122,0.062340788791052405
Global,2010,2011,119556.44742901262,11511.895964871643,-231.1966727048064,72.2582027545506,-0.001933786739875161,0.000632418302808229,-0.1933786739875161,0.06324183028082289
Global,2011,2012,119325.25075630781,11512.122738830287,-365.9472468839626,68.11267549573648,-0.0030668047589635402,0.0006429404784148522,-0.306680475896354,0.06429404784148522
Global,2012,2013,118959.30350942384,11512.324234943026,-188.0208512243996,67.35045471659744,-0.0015805476804048768,0.000586461960477587,-0.15805476804048768,0.058646196047758704
Global,2013,2014,118771.28265819944,11512.52124315986,-304.73798136525033,66.47051377096227,-0.002565754739234624,0.0006124221601522776,-0.2565754739234624,0.06124221601522776
Global,2014,2015,118466.5446768342,11512.713133897154,-149.889416279315,65.94044282966604,-0.0012652467976355644,0.0005700357137473013,-0.12652467976355644,0.057003571374730125
Global,2015,2016,118316.65526055488,11512.901973238919,-284.97423508815865,66.77259130583126,-0.002408572440292479,0.0006110850695590139,-0.2408572440292479,0.061108506955901386
Global,2016,2017,118031.68102546672,11513.095605629194,-340.6076946742656,68.35959222730513,-0.002885731116553152,0.0006439421849406607,-0.2885731116553152,0.06439421849406607
Global,2017,2018,117691.07333079245,11513.298548122852,-217.68675972042345,66.39070274109359,-0.001849645462137767,0.0005924194654015595,-0.1849645462137767,0.059241946540155944
Global,2018,2019,117473.38657107203,11513.489965410932,-243.81282612823085,66.54077158950466,-0.0020754728644919312,0.0006018504851742391,-0.20754728644919312,0.060185048517423914
Global,2019,2020,117229.5737449438,11513.682245828306,-412.9645781490086,69.99144862252744,-0.0035226996478507633,0.000690048560286801,-0.35226996478507633,0.0690048560286801
Global,2020,2021,116816.60916679479,11513.894982184884,-405.0394156368366,76.20680182507151,-0.0034673101584253943,0.0007364585387330784,-0.3467310158425394,0.07364585387330784
Global,2021,2022,116411.56975115795,11514.147173691443,-217.7163545547422,81.6846283807594,-0.0018702295228913582,0.0007256616852407471,-0.18702295228913582,0.07256616852407471
Global,2022,2023,116193.85339660321,11514.436917015975,-460.2989143829609,100.8285184125692,-0.003961473872562154,0.0009524285672383053,-0.39614738725621534,0.09524285672383054
Global,2023,2024,115733.55448222025,11514.878371310122,-548.025110248126,120.16099017378784,-0.0047352309595944985,0.0011401483561089359,-0.47352309595944986,0.11401483561089358
North Asia,2000,2001,137.0,36.0,-0.9197019532932548,1.0265275291265996,-0.006713152943746385,0.00769775378039746,-0.6713152943746384,0.769775378039746
North Asia,2001,2002,136.08029804670676,36.01463256466814,-1.5411560324271425,0.5757372429047373,-0.011325342864094642,0.0051849995162934715,-1.132534286409464,0.5184999516293471
North Asia,2002,2003,134.5391420142796,36.01923419703593,-2.008519104670919,0.5971520843045376,-0.01492888296000684,0.005972834508100435,-1.492888296000684,0.5972834508100435
North Asia,2003,2004,132.5306229096087,36.02418385963396,-1.3367036448471714,0.5605964144603081,-0.010085998356461796,0.005040684474253966,-1.0085998356461796,0.5040684474253966
North Asia,2004,2005,131.19391926476152,36.02854550342849,-0.6073020718796399,0.5800062732919948,-0.004629041309864735,0.004600122669261191,-0.4629041309864735,0.4600122669261191
North Asia,2005,2006,130.58661719288187,36.03321382238441,-0.4421699496148141,0.543997009186656,-0.0033860280564715958,0.0042692850034037584,-0.33860280564715955,0.4269285003403758
North Asia,2006,2007,130.14444724326705,36.03731997687507,-1.4369095884292484,0.5547031793605927,-0.011040882794971386,0.005245303834894034,-1.1040882794971385,0.5245303834894034
North Asia,2007,2008,128.7075376548378,36.041588848618645,-1.5576011706781698,0.555112921025605,-0.012101864421144283,0.00548507857203372,-1.2101864421144284,0.548507857203372
North Asia,2008,2009,127.14993648415964,36.045863522573036,-1.7288465569663265,0.5495905128318924,-0.013596912470197784,0.00579145406303436,-1.3596912470197784,0.579145406303436
North Asia,2009,2010,125.42108992719331,36.050053076517884,0.4721992168201645,0.5558080553432801,0.0037649108064223905,0.0045617510211592585,0.376491080642239,0.4561751021159259
North Asia,2010,2011,125.89328914401347,36.05433745631919,-1.278298719425217,0.549382943810827,-0.010153827325640281,0.005243998197565218,-1.0153827325640281,0.5243998197565218
North Asia,2011,2012,124.61499042458824,36.05852286260616,-2.1266620946428576,0.5504841757070587,-0.017065860916065503,0.006625679384090377,-1.7065860916065503,0.6625679384090377
North Asia,2012,2013,122.48832832994539,36.062724576226834,-2.082237426114749,0.5503336578162555,-0.016999476231774918,0.006725775836936366,-1.6999476231774917,0.6725775836936366
North Asia,2013,2014,120.40609090383064,36.06692350333918,-0.9064403927766193,0.5632256664521381,-0.00752819384777304,0.005192897029924666,-0.752819384777304,0.5192897029924666
North Asia,2014,2015,119.49965051105403,36.071320937097255,-0.7676348462089759,0.5665440381989155,-0.006423741349251626,0.005122167303779326,-0.6423741349251626,0.5122167303779326
North Asia,2015,2016,118.73201566484505,36.07576979489543,-1.9092539350345967,0.578671943989981,-0.016080363197269472,0.006901123048892728,-1.6080363197269472,0.6901123048892728
North Asia,2016,2017,116.82276172981045,36.08041057849883,-1.0968359067228153,0.5699045112972384,-0.009388888693280466,0.005675115880782857,-0.9388888693280466,0.5675115880782857
North Asia,2017,2018,115.72592582308764,36.0849112326059,-2.229459832807573,0.5802175682894745,-0.019264998892433053,0.007824481153329814,-1.9264998892433054,0.7824481153329813
North Asia,2018,2019,113.49646599028006,36.08957565685137,-1.4296283286683342,0.5770101437116635,-0.012596236510049298,0.006472197470456177,-1.25962365100493,0.6472197470456177
North Asia,2019,2020,112.06683766161173,36.09418806120378,-0.8149763258916679,0.551439985831076,-0.007272234524476427,0.0054496468346781,-0.7272234524476427,0.54496468346781
North Asia,2020,2021,111.25186133572006,36.09840021185868,-1.0545339240245566,0.6479196117270417,-0.009478798029655736,0.006586144074840183,-0.9478798029655736,0.6586144074840183
North Asia,2021,2022,110.19732741169551,36.10421440329064,-1.2541491015757211,0.6493331246844912,-0.011380939366072278,0.00697314459919659,-1.1380939366072278,0.697314459919659
North Asia,2022,2023,108.94317831011979,36.11005304877842,-2.084194149188092,1.143432150387618,-0.019131020239332327,0.012262505193346384,-1.9131020239332326,1.2262505193346385
North Asia,2023,2024,106.8589841609317,36.128152018448596,-2.383431710308152,1.1452951255418866,-0.022304457870558247,0.013104870426450008,-2.2304457870558245,1.3104870426450008
Central Europe,2000,2001,122.0,27.0,-0.5934003711822097,0.6009122609745883,-0.0048639374687066365,0.005041764204006501,-0.48639374687066367,0.50417642040065
Central Europe,2001,2002,121.40659962881779,27.00668612668703,0.4019665729881813,0.43422767182019,0.0033109120444616102,0.0036516837181653316,0.331091204446161,0.36516837181653317
Central Europe,2002,2003,121.80856620180597,27.010176771290556,-0.7554326466468112,0.4131614181633634,-0.006201802305063261,0.0036600705077027185,-0.6201802305063261,0.36600705077027185
Central Europe,2003,2004,121.05313355515916,27.013336550189845,-4.0975870621061805,0.4666085336252875,-0.03384949188646216,0.008480255109341231,-3.384949188646216,0.8480255109341232
Central Europe,2004,2005,116.95554649305298,27.017366176174065,-1.4388937785429576,0.4052201289287214,-0.01230291184718141,0.004481248244167048,-1.230291184718141,0.44812482441670476
Central Europe,2005,2006,115.51665271451002,27.02040485356138,-1.8171159119364328,0.3967507632924834,-0.015730337308399046,0.005033370215845712,-1.5730337308399047,0.5033370215845712
Central Europe,2006,2007,113.69953680257359,27.02331751688783,-2.3588428656706264,0.4113774504090245,-0.020746283863640455,0.006115867414627879,-2.0746283863640453,0.6115867414627879
Central Europe,2007,2008,111.34069393690297,27.026448546289643,-1.5790536047853114,0.3998663881665397,-0.01418217858135647,0.004974838208093889,-1.418217858135647,0.4974838208093889
Central Europe,2008,2009,109.76164033211765,27.029406470613203,-1.5093602965005972,0.4222234187900853,-0.013751254918690744,0.005124891232618654,-1.3751254918690745,0.5124891232618654
Central Europe,2009,2010,108.25228003561705,27.032704022516906,-1.5827261116565263,0.4393865775364854,-0.014620718484042826,0.005459409045905457,-1.4620718484042827,0.5459409045905457
Central Europe,2010,2011,106.66955392396052,27.03627465708841,-1.034331703816414,0.398186173317034,-0.009696597255424337,0.004469306659739845,-0.9696597255424337,0.44693066597398456
Central Europe,2011,2012,105.6352222201441,27.03920671103614,-2.494022407325491,0.4078106827608884,-0.02360976154457214,0.007171179217070312,-2.360976154457214,0.7171179217070311
Central Europe,2012,2013,103.14119981281861,27.042281876999873,-2.7965827240695345,0.4694817685252441,-0.027114118598046105,0.008441365554888378,-2.7114118598046106,0.8441365554888378
Central Europe,2013,2014,100.34461708874908,27.046356912643397,-0.5687006031528772,0.4564944870767174,-0.005667474944369901,0.0047988891882605866,-0.5667474944369901,0.47988891882605866
Central Europe,2014,2015,99.7759164855962,27.05020904656422,-0.3477905848183993,0.451926949278947,-0.003485716764812748,0.00462695195446249,-0.3485716764812748,0.462695195446249
Central Europe,2015,2016,99.4281259007778,27.053983947476375,-2.9636622375676023,0.4827475994928006,-0.02980708135367176,0.009452603096606612,-2.980708135367176,0.9452603096606612
Central Europe,2016,2017,96.4644636632102,27.058290645846892,-1.3798379610635585,0.4567721102063791,-0.014304106493361491,0.006206453534088681,-1.430410649336149,0.6206453534088681
Central Europe,2017,2018,95.08462570214664,27.062145765548376,-2.5871083005234867,0.4748642787961008,-0.027208481722666968,0.009214568963559868,-2.7208481722666966,0.9214568963559868
Central Europe,2018,2019,92.49751740162316,27.06631170882107,-2.4371975090104008,0.4971035872454163,-0.026348788351022626,0.00939829600154255,-2.6348788351022625,0.939829600154255
Central Europe,2019,2020,90.06031989261275,27.070876260208436,-1.919024957544504,0.4848397371601196,-0.021308218312268208,0.008366928908724489,-2.130821831226821,0.8366928908724489
Central Europe,2020,2021,88.14129493506825,27.075217655011496,-1.275594599025034,0.4984105265630102,-0.01447215632541746,0.007192934620078295,-1.447215632541746,0.7192934620078295
Central Europe,2021,2022,86.8657003360432,27.079804728233086,-1.582979860184506,0.4776207527388756,-0.018223301649105336,0.00790606612760599,-1.8223301649105337,0.790606612760599
Central Europe,2022,2023,85.2827204758587,27.084016424870995,-6.237435177272426,0.7282044209005228,-0.07313832324378161,0.024746975442788737,-7.313832324378161,2.474697544278874
Central Europe,2023,2024,79.04528529858626,27.093804224975514,-4.375191438019658,0.7192057205016613,-0.05535044147785382,0.021041045412156786,-5.535044147785382,2.1041045412156785
Caucasus and Middle East,2000,2001,50.0,18.0,-1.5256898932375544,0.5341164210035886,-0.03051379786475109,0.015322586124647371,-3.051379786475109,1.532258612464737
Caucasus and Middle East,2001,2002,48.474310106762445,18.00792271060673,-0.7523721686565512,0.2997816663979696,-0.015521049541488802,0.008455329071877292,-1.5521049541488803,0.8455329071877291
Caucasus and Middle East,2002,2003,47.721937938105896,18.010417801891606,0.3736522375370595,0.310850456310781,0.007829779210175343,0.0071527150719485205,0.7829779210175343,0.7152715071948521
Caucasus and Middle East,2003,2004,48.095590175642954,18.0131001608519,0.3913096299000091,0.3083443211841409,0.008136081259653198,0.007098392356289535,0.8136081259653198,0.7098392356289535
Caucasus and Middle East,2004,2005,48.48689980554296,18.01573905298612,0.6360925487896292,0.3221332080012991,0.013118853779901017,0.008240085181567203,1.3118853779901016,0.8240085181567204
Caucasus and Middle East,2005,2006,49.12299235433259,18.018618799147355,0.2166234935187321,0.2961202263031932,0.004409818765847765,0.006241388017902076,0.4409818765847765,0.6241388017902076
Caucasus and Middle East,2006,2007,49.33961584785132,18.021051873223502,-1.0808310207835916,0.2704380588544544,-0.021905947223354,0.009698437334412557,-2.1905947223354,0.9698437334412557
Caucasus and Middle East,2007,2008,48.25878482706773,18.02308096195235,-1.5967452192637428,0.3109973504342477,-0.03308714102490515,0.01393644547842409,-3.308714102490515,1.393644547842409
Caucasus and Middle East,2008,2009,46.66203960780398,18.025763970302794,-0.5404262217384886,0.2846319554419407,-0.011581710235574555,0.007564760122981448,-1.1581710235574554,0.7564760122981449
Caucasus and Middle East,2009,2010,46.1216133860655,18.028011040132103,-0.4336528707431656,0.2690367155284728,-0.00940237860096592,0.006894443615614444,-0.940237860096592,0.6894443615614444
Caucasus and Middle East,2010,2011,45.68796051532233,18.030018380950903,-0.8591613718604939,0.2778774221375575,-0.018804984117694587,0.009595002939070915,-1.8804984117694588,0.9595002939070915
Caucasus and Middle East,2011,2012,44.828799143461836,18.032159567815533,-0.7173569958488278,0.2980699256326609,-0.0160021461550449,0.009254314546942952,-1.6002146155044898,0.9254314546942952
Caucasus and Middle East,2012,2013,44.11144214761301,18.034622933671997,-1.8119059633143595,0.3142384285775557,-0.04107564557175573,0.018241929608727753,-4.107564557175572,1.8241929608727752
Caucasus and Middle East,2013,2014,42.29953618429865,18.037360398620493,-0.2524468555698191,0.2793540268735304,-0.00596807620939177,0.007077557909874187,-0.5968076209391769,0.7077557909874187
Caucasus and Middle East,2014,2015,42.04708932872883,18.039523519817624,-1.3141644056080215,0.2920850704691671,-0.03125458685935994,0.01510172714875412,-3.125458685935994,1.510172714875412
Caucasus and Middle East,2015,2016,40.73292492312081,18.041887997392184,-1.5419156322181675,0.3044411268041288,-0.03785428213486692,0.018357260804095846,-3.785428213486692,1.8357260804095845
Caucasus and Middle East,2016,2017,39.19100929090264,18.044456403841426,-0.7850001980956869,0.2834659727622445,-0.02003010925972524,0.01172035438043899,-2.0030109259725237,1.172035438043899
Caucasus and Middle East,2017,2018,38.406009092806954,18.04668279401641,-0.835159306231931,0.3310436165272817,-0.021745537377075394,0.013368090311953346,-2.1745537377075395,1.3368090311953347
Caucasus and Middle East,2018,2019,37.570849786575025,18.0497188272807,-0.7279796066933246,0.3574528230998834,-0.019376181556411038,0.0133105007417695,-1.9376181556411038,1.33105007417695
Caucasus and Middle East,2019,2020,36.8428701798817,18.053257940455886,-0.9227565189113288,0.3001090948682106,-0.025045728370402757,0.014729825825666381,-2.504572837040276,1.472982582566638
Caucasus and Middle East,2020,2021,35.92011366097037,18.055752206248737,-1.5198827979446523,0.3347845918920333,-0.04231286159865656,0.023221631882791142,-4.231286159865657,2.3221631882791143
Caucasus and Middle East,2021,2022,34.40023086302572,18.05885567959455,-0.4267280863623179,0.3368468015773312,-0.012404802981161867,0.011759681538603916,-1.2404802981161867,1.1759681538603917
Caucasus and Middle East,2022,2023,33.9735027766634,18.061996961137968,-0.9122480213138148,0.4835624946461259,-0.026851750533667177,0.020159098744204292,-2.685175053366718,2.015909874420429
Caucasus and Middle East,2023,2024,33.06125475534959,18.06846885904795,-0.7397455813287596,0.4807692861578052,-0.022375000186859593,0.01899983693355485,-2.2375000186859593,1.899983693355485
Central Asia,2000,2001,2946.0,765.0,2.9975381821101768,13.602258608119822,0.0010174942912797612,0.004624749394983997,0.10174942912797612,0.4624749394983997
Central Asia,2001,2002,2948.99753818211,765.1209194887055,-14.36815509049936,12.801266303535042,-0.004872216712448161,0.004521201001147332,-0.4872216712448161,0.4521201001147332
Central Asia,2002,2003,2934.6293830916106,765.2280012246129,-10.731484657993787,12.798345532189735,-0.0036568449562405206,0.004464174043632511,-0.3656844956240521,0.4464174043632511
Central Asia,2003,2004,2923.897898433617,765.3350191299085,12.160601523846324,12.850242776470784,0.004159037677191454,0.004527723887473236,0.4159037677191454,0.4527723887473236
Central Asia,2004,2005,2936.058499957463,765.4428915640876,8.206079680365974,12.529275712212222,0.0027949305780129593,0.00432914062659293,0.2794930578012959,0.432914062659293
Central Asia,2005,2006,2944.2645796378292,765.5454284337828,3.2325794931738434,12.859307764986244,0.0010979242543384057,0.004376898510379383,0.10979242543384057,0.4376898510379383
Central Asia,2006,2007,2947.497159131003,765.6534234182323,-25.270664773678984,12.778722011017765,-0.008573601061969952,0.004874027314214665,-0.8573601061969952,0.4874027314214665
Central Asia,2007,2008,2922.226494357324,765.7600541477035,-21.34492309243656,12.567643553393616,-0.007304335626842258,0.004707418041536506,-0.7304335626842258,0.4707418041536506
Central Asia,2008,2009,2900.8815712648875,765.8631772012405,-31.48646052430057,12.485617654744583,-0.010854100641747796,0.00517075642320097,-1.0854100641747795,0.5170756423200971
Central Asia,2009,2010,2869.395110740587,765.9649449165406,23.07038904132115,12.982794977448638,0.008040157646803376,0.0050078171232453925,0.8040157646803375,0.5007817123245393
Central Asia,2010,2011,2892.465499781908,766.0749635684655,-10.75649385006233,12.954730567358318,-0.00371879763159608,0.004585804370030519,-0.37187976315960797,0.4585804370030519
Central Asia,2011,2012,2881.7090059318457,766.1844913925748,4.677905826930605,12.832668637676116,0.0016233095768175701,0.004474012009829923,0.162330957681757,0.4474012009829923
Central Asia,2012,2013,2886.3869117587765,766.2919497390424,-12.448555179098824,12.38624788468882,-0.0043128504804345455,0.004441391942673299,-0.4312850480434545,0.4441391942673299
Central Asia,2013,2014,2873.9383565796775,766.3920480873506,-9.558388235951202,12.600793882425195,-0.003325884918188295,0.004473308397294618,-0.3325884918188295,0.4473308397294618
Central Asia,2014,2015,2864.3799683437264,766.4956303711009,-2.956071807406667,12.431821317438994,-0.0010320110600116924,0.004348921079632892,-0.10320110600116925,0.4348921079632892
Central Asia,2015,2016,2861.4238965363197,766.5964398294973,-19.779397061203014,12.763411416052037,-0.006912431634175372,0.004829664052723298,-0.6912431634175372,0.4829664052723298
Central Asia,2016,2017,2841.644499475117,766.7026843765682,-1.7738837045089502,12.98186721589857,-0.0006242454694232886,0.004571538362041938,-0.06242454694232886,0.4571538362041938
Central Asia,2017,2018,2839.870615770608,766.8125814738871,-11.729947005651477,12.7270330392278,-0.0041304512045414144,0.004618246270181282,-0.41304512045414143,0.4618246270181282
Central Asia,2018,2019,2828.1406687649564,766.9181915149936,-25.09731281921282,13.502632894589192,-0.008874138792457156,0.005346558359102236,-0.8874138792457156,0.5346558359102236
Central Asia,2019,2020,2803.0433559457438,767.0370483697085,-20.872552300354226,12.931279821236304,-0.0074463893881911965,0.0050432732770222,-0.7446389388191197,0.50432732770222
Central Asia,2020,2021,2782.1708036453897,767.1460431818244,4.568755389673656,12.875546575333429,0.0016421548898749717,0.004649976653690855,0.16421548898749716,0.4649976653690855
Central Asia,2021,2022,2786.7395590350634,767.2540852085073,-11.633133913436737,17.499856769876416,-0.004174460392511465,0.00638399869900137,-0.4174460392511465,0.638399869900137
Central Asia,2022,2023,2775.1064251216267,767.4536313394507,-40.61362594960092,18.95295451369369,-0.014634979610852554,0.007938793779870876,-1.4634979610852554,0.7938793779870876
Central Asia,2023,2024,2734.4927991720256,767.6876257573178,-40.1200731250466,18.813340791317803,-0.014671851810030188,0.008018776942579384,-1.4671851810030188,0.8018776942579384
South Asia west,2000,2001,2583.0,666.0,6.851964677244642,9.262411269403446,0.0026527157093475195,0.003650560083026828,0.26527157093475195,0.3650560083026828
South Asia west,2001,2002,2589.8519646772447,666.0644054913336,-4.64241326904263,7.977766708936824,-0.0017925400109195747,0.003114701042410696,-0.17925400109195747,0.31147010424106963
South Asia west,2002,2003,2585.209551408202,666.1121805102995,-2.352745468347903,7.767363942734289,-0.0009100792108192265,0.003013676190724661,-0.09100792108192265,0.3013676190724661
South Asia west,2003,2004,2582.856805939854,666.1574655941376,-13.091190343162353,7.948071287325642,-0.005068492497553968,0.003343394268058184,-0.5068492497553968,0.3343394268058184
South Asia west,2004,2005,2569.7656155966915,666.2048790004417,-11.446097131719313,7.656436904146613,-0.004454140510811358,0.003195370253174536,-0.4454140510811358,0.3195370253174536
South Asia west,2005,2006,2558.319518464972,666.2488737927144,4.807317498760151,7.162216286356067,0.0018790919054726242,0.002842026442670017,0.18790919054726243,0.2842026442670017
South Asia west,2006,2007,2563.1268359637324,666.2873698129006,-23.39682475507553,7.153717839152524,-0.009128235258119155,0.0036633827679331595,-0.9128235258119155,0.36633827679331593
South Asia west,2007,2008,2539.730011208657,666.3257723149504,-20.770993357775385,6.947664078299761,-0.008178425764197854,0.0034767060718972034,-0.8178425764197854,0.34767060718972037
South Asia west,2008,2009,2518.9590178508815,666.3619923789621,-15.082436168591911,7.219169733217031,-0.005987567110742398,0.003274515444827435,-0.5987567110742398,0.3274515444827435
South Asia west,2009,2010,2503.8765816822897,666.4010964118359,9.726773430882623,7.774406202181495,0.003884685651857272,0.003272560310889329,0.3884685651857272,0.32725603108893286
South Asia west,2010,2011,2513.6033551131723,666.446443977829,8.545261399182058,7.461524248546874,0.003399606139846721,0.0031022869411563973,0.3399606139846721,0.31022869411563975
South Asia west,2011,2012,2522.1486165123542,666.4882122249463,7.573331993465979,7.420272297090443,0.0030027302689000297,0.0030471691484109747,0.30027302689000296,0.3047169148410975
South Asia west,2012,2013,2529.7219485058204,666.5295173327045,-7.838206686315059,6.961496332973971,-0.003098445934322819,0.0028704224938732367,-0.3098445934322819,0.28704224938732364
South Asia west,2013,2014,2521.8837418195053,666.5658706436761,-12.28292520262717,7.145590003205553,-0.004870535861326107,0.003112169878413246,-0.48705358613261074,0.31121698784132457
South Asia west,2014,2015,2509.600816616878,666.6041699265434,-0.6933992166120448,6.993684942578593,-0.0002762986097314061,0.0027877380859914576,-0.027629860973140612,0.27877380859914574
South Asia west,2015,2016,2508.9074174002662,666.6408560780925,-0.9024996256509292,7.083757272243927,-0.0003597181862478213,0.002825060431795575,-0.03597181862478213,0.28250604317955746
South Asia west,2016,2017,2508.0049177746155,666.678491185687,-10.96446277745992,7.477681157988901,-0.0043717867934600484,0.0031999990586786004,-0.43717867934600485,0.31999990586786003
South Asia west,2017,2018,2497.0404549971554,666.7204259096346,-2.3260157023337524,7.304017322445805,-0.0009315090180773231,0.0029356247562878283,-0.0931509018077323,0.29356247562878285
South Asia west,2018,2019,2494.7144392948217,666.7604329848699,-3.924469396591872,7.358358141701729,-0.0015731136737642797,0.002979394590951819,-0.15731136737642798,0.2979394590951819
South Asia west,2019,2020,2490.7899698982296,666.8010351137082,4.378411912846257,8.15168415770309,0.0017578406713373562,0.003306390083156198,0.17578406713373562,0.33063900831561976
South Asia west,2020,2021,2495.168381811076,666.8508606752484,5.577242329699477,8.046897458142928,0.00223521681757258,0.0032798523023853453,0.22352168175725798,0.32798523023853454
South Asia west,2021,2022,2500.7456241407754,666.8994099127855,-9.815571924051932,10.792231609503926,-0.0039250581223847746,0.004440732591080237,-0.39250581223847747,0.4440732591080237
South Asia west,2022,2023,2490.9300522167237,666.9867279077857,-34.3384991492528,13.96238444044143,-0.013785412849587786,0.006711536535547821,-1.3785412849587786,0.6711536535547821
South Asia west,2023,2024,2456.591553067471,667.132852874446,-8.254232398376997,13.74011743408555,-0.0033600345112602004,0.005667106248338443,-0.33600345112602004,0.5667106248338443
South Asia east,2000,2001,816.0,207.0,-2.327916651477616,5.478577160246203,-0.002852839033673549,0.006752833790908137,-0.2852839033673549,0.6752833790908137
South Asia east,2001,2002,813.6720833485224,207.07248684386047,-8.137158352811356,5.297867355594772,-0.01000053770964383,0.006990792224004488,-1.000053770964383,0.6990792224004487
South Asia east,2002,2003,805.534924995711,207.1402476734501,-6.998749077267797,5.2984576149315705,-0.008688324813855912,0.006946644088723457,-0.8688324813855912,0.6946644088723457
South Asia east,2003,2004,798.5361759184432,207.20800143651664,-8.198889903697747,5.3297633827095385,-0.010267399462858052,0.007186514103696081,-1.0267399462858051,0.7186514103696081
South Asia east,2004,2005,790.3372860147455,207.27653566439002,-8.98001140526133,5.390556783969636,-0.01136225199565466,0.007443124273060472,-1.136225199565466,0.7443124273060473
South Asia east,2005,2006,781.3572746094842,207.346618828165,-5.8649778560322,5.331118780068185,-0.007506140976243508,0.007107707080389442,-0.7506140976243507,0.7107707080389442
South Asia east,2006,2007,775.492296753452,207.41514208687738,-10.705225792838034,5.330634260539739,-0.013804425701782938,0.007802704833542597,-1.3804425701782939,0.7802704833542596
South Asia east,2007,2008,764.787070960614,207.48363026643614,-5.000839525910631,5.339591824794993,-0.006538865150569694,0.007203646214591617,-0.6538865150569695,0.7203646214591617
South Asia east,2008,2009,759.7862314347034,207.5523260996961,-5.511233648377613,5.325547088289289,-0.007253663491599153,0.007283968972560966,-0.7253663491599154,0.7283968972560966
South Asia east,2009,2010,754.2749977863258,207.6206384760055,-6.207572947749696,5.2792950995509615,-0.008229853788032098,0.007356634001737355,-0.8229853788032099,0.7356634001737355
South Asia east,2010,2011,748.0674248385761,207.6877475392622,-4.663836245068104,5.284357474628559,-0.006234513213931891,0.007272983845049924,-0.6234513213931892,0.7272983845049924
South Asia east,2011,2012,743.4035885935081,207.75496362747143,0.8262841166758295,5.286064056891564,0.0011114879311238304,0.00711740626727577,0.11114879311238304,0.711740626727577
South Asia east,2012,2013,744.2298727101839,207.822201376719,-9.263476118598678,5.270056695685486,-0.012447063008724507,0.007888264464715702,-1.2447063008724506,0.7888264464715702
South Asia east,2013,2014,734.9663965915853,207.88901097133848,-4.762808642776319,5.430590923475173,-0.006480308031583343,0.007612860401710648,-0.6480308031583343,0.7612860401710648
South Asia east,2014,2015,730.203587948809,207.9599293143259,-7.233284672588605,5.320519997990309,-0.009905846522758657,0.007813440098783476,-0.9905846522758657,0.7813440098783476
South Asia east,2015,2016,722.9703032762203,208.02797920825083,-6.492342790490154,5.3590451850896,-0.008980096085647475,0.007849997954097921,-0.8980096085647475,0.7849997954097921
South Asia east,2016,2017,716.4779604857301,208.09699541022758,-3.767927807121404,5.296852272899367,-0.005258958425695286,0.007549044739933893,-0.5258958425695286,0.7549044739933893
South Asia east,2017,2018,712.7100326786087,208.16439691447047,-17.122102144399964,6.222615527630999,-0.024023938711861866,0.011201079442211026,-2.4023938711861867,1.1201079442211026
South Asia east,2018,2019,695.5879305342088,208.2573818302005,-4.530994315133016,5.395884008163018,-0.006513905886281308,0.007998697716685205,-0.6513905886281308,0.7998697716685205
South Asia east,2019,2020,691.0569362190757,208.32727294091734,-8.507998145090227,5.343388879407178,-0.012311573329455823,0.008576822552297053,-1.2311573329455823,0.8576822552297053
South Asia east,2020,2021,682.5489380739855,208.39578799898055,-5.707608395472385,5.4117991791636335,-0.00836219657974723,0.008329738274086593,-0.836219657974723,0.8329738274086593
South Asia east,2021,2022,676.8413296785131,208.4660452593459,-4.153046594747883,7.938420838696924,-0.006135923461885079,0.011879911123631293,-0.6135923461885079,1.1879911123631293
South Asia east,2022,2023,672.6882830837652,208.61713868108706,-15.619011518634077,8.923206806807814,-0.02321879525986801,0.015093390469609,-2.321879525986801,1.5093390469608998
South Asia east,2023,2024,657.0692715651311,208.80788819199566,-17.589780221019534,8.953095982384424,-0.02677005451665833,0.016063448942643554,-2.677005451665833,1.6063448942643554
Low latitudes,2000,2001,90.0,27.0,0.3705258618555614,0.5346473022213154,0.004116954020617349,0.006067559814798464,0.4116954020617349,0.6067559814798464
Low latitudes,2001,2002,90.37052586185555,27.005292957821666,-0.3070070498935514,0.5172510572472317,-0.0033972033134216364,0.005813001812473945,-0.3397203313421636,0.5813001812473945
Low latitudes,2002,2003,90.063518811962,27.010246137234585,-1.2859863528499784,0.5250969807283328,-0.014278659881532155,0.00723392012775088,-1.4278659881532156,0.723392012775088
Low latitudes,2003,2004,88.77753245911202,27.015349770698247,-1.5816633780124076,0.4893433831894396,-0.01781603221221393,0.0077314215796645885,-1.781603221221393,0.7731421579664588
Low latitudes,2004,2005,87.19586908109962,27.01978127557359,-2.4619022051780592,0.4967700282785205,-0.028234160988616096,0.010440480510124462,-2.8234160988616095,1.0440480510124461
Low latitudes,2005,2006,84.73396687592155,27.02434755254663,-2.769504894430206,0.4947088906345829,-0.03268470716691069,0.011947818587200471,-3.268470716691069,1.1947818587200472
Low latitudes,2006,2007,81.96446198149135,27.028875254573688,-0.6472329547886849,0.453868358783612,-0.007896507085410242,0.006119091432718752,-0.7896507085410241,0.6119091432718752
Low latitudes,2007,2008,81.31722902670266,27.032685660407676,0.2943631715954311,0.4533688289494152,0.003619936083886591,0.00570370458902469,0.3619936083886591,0.570370458902469
Low latitudes,2008,2009,81.6115921982981,27.0364871481018,1.0742074293211157,0.4546635712035953,0.013162436859595013,0.007074644805315372,1.3162436859595013,0.7074644805315372
Low latitudes,2009,2010,82.68579962761922,27.040309840540907,-1.8409386137271275,0.4694606379390745,-0.022264265714523078,0.009232992338282054,-2.2264265714523077,0.9232992338282054
Low latitudes,2010,2011,80.84486101389209,27.04438480651811,-1.8410246444614369,0.4540162630694458,-0.0227723150410894,0.009464130768457849,-2.27723150410894,0.9464130768457849
Low latitudes,2011,2012,79.00383636943064,27.048195509685282,-0.1241596044782535,0.4465345728623108,-0.0015715642452813242,0.005677614017032517,-0.15715642452813242,0.5677614017032517
Low latitudes,2012,2013,78.87967676495239,27.051881144477186,-0.0184015312558621,0.4444848617975117,-0.00023328608851549225,0.005635541099549414,-0.023328608851549224,0.5635541099549414
Low latitudes,2013,2014,78.86127523369653,27.055532525664457,-0.5516197398382917,0.4911311260759708,-0.006994811308891831,0.0066741423599127065,-0.6994811308891831,0.6674142359912707
Low latitudes,2014,2015,78.30965549385824,27.059989837956113,-0.239795478092252,0.4889898652342481,-0.003062144464561703,0.006333329071866814,-0.3062144464561703,0.6333329071866814
Low latitudes,2015,2016,78.069860015766,27.06440764396276,-1.6897583338338864,0.500517508508474,-0.02164418295988547,0.009869315219635818,-2.164418295988547,0.9869315219635818
Low latitudes,2016,2017,76.3801016819321,27.069035426016075,-2.36942463411635,0.5050237682774874,-0.031021490963487983,0.012829109035286465,-3.102149096348798,1.2829109035286466
Low latitudes,2017,2018,74.01067704781575,27.073746100261754,-0.6457522446867621,0.5558366147801133,-0.008725122785588946,0.008160303032122767,-0.8725122785588947,0.8160303032122767
Low latitudes,2018,2019,73.36492480312899,27.07945129140856,-0.1008118792306184,0.6414614071574477,-0.0013741154850378694,0.008758132873855176,-0.13741154850378695,0.8758132873855176
Low latitudes,2019,2020,73.26411292389837,27.08704773467646,-0.900957994194518,0.6712927059312396,-0.012297398524846266,0.010228648476370028,-1.2297398524846266,1.0228648476370028
Low latitudes,2020,2021,72.36315492970385,27.095364712025518,-0.562694930155122,0.948935574874308,-0.007775986697950689,0.013432863970428519,-0.7775986697950689,1.343286397042852
Low latitudes,2021,2022,71.80045999954874,27.111976460651846,0.0949249570660994,1.3349790454063797,0.001322066140895142,0.01859960447657619,0.1322066140895142,1.859960447657619
Low latitudes,2022,2023,71.89538495661483,27.14482338595361,0.0057083128047794,1.4142485234769082,7.939748578054174e-05,0.01967094503424908,0.007939748578054174,1.967094503424908
Low latitudes,2023,2024,71.90109326941962,27.181639677193328,-2.3020962323277,1.9925253299197072,-0.032017541425991204,0.030240088570067276,-3.2017541425991203,3.0240088570067276
Southern Andes,2000,2001,4772.0,1242.0,1.6621530202778638,40.09978572586517,0.0003483137091948583,0.008403629334035313,0.034831370919485835,0.8403629334035313
Southern Andes,2001,2002,4773.662153020278,1242.6471714912727,-13.891168790717536,39.98689045112812,-0.002909960601616653,0.008410745869714523,-0.2909960601616653,0.8410745869714523
Southern Andes,2002,2003,4759.770984229561,1243.2903700355807,-4.276535598304034,31.99366956425893,-0.0008984750763163565,0.006725778406641889,-0.08984750763163565,0.6725778406641889
Southern Andes,2003,2004,4755.494448631257,1243.7019494699678,-27.16845138254913,31.62169392415089,-0.005713065523684681,0.006815305099445341,-0.5713065523684682,0.681530509944534
Southern Andes,2004,2005,4728.325997248708,1244.1038825765438,2.950386466804427,33.43610211740283,0.0006239811866866163,0.007073351690228792,0.06239811866866163,0.7073351690228792
Southern Andes,2005,2006,4731.276383715512,1244.5531099823888,-49.94872117965508,32.49739236357843,-0.010557134508474841,0.007408779307110486,-1.0557134508474841,0.7408779307110486
Southern Andes,2006,2007,4681.327662535857,1244.9773186999305,-25.498355751885686,31.467914845836017,-0.005446821412640304,0.006876313538216386,-0.5446821412640304,0.6876313538216385
Southern Andes,2007,2008,4655.829306783971,1245.3749450434648,-34.04845631063346,31.689762903926432,-0.007313080885723566,0.007081989884348226,-0.7313080885723566,0.7081989884348227
Southern Andes,2008,2009,4621.7808504733375,1245.7780680421854,-24.53194697778392,31.821476455445747,-0.005307899221416241,0.007032191258449339,-0.5307899221416241,0.703219125844934
Southern Andes,2009,2010,4597.248903495553,1246.184417002044,6.37479807413442,31.30006389621053,0.0013866549773468417,0.006818801662798412,0.13866549773468417,0.6818801662798412
Southern Andes,2010,2011,4603.623701569688,1246.577432484092,-48.57203133766705,31.20220977664176,-0.010550825716077869,0.007355282344043119,-1.055082571607787,0.7355282344043119
Southern Andes,2011,2012,4555.051670232021,1246.9678717086406,-60.086977800912216,26.95585631552635,-0.013191283469645375,0.006932596645493973,-1.3191283469645374,0.6932596645493972
Southern Andes,2012,2013,4494.964692431109,1247.2591916932422,-26.839376086207103,25.51747696661394,-0.005970987076138964,0.0059137375453210345,-0.5970987076138964,0.5913737545321035
Southern Andes,2013,2014,4468.125316344902,1247.520193381262,7.61001311639548,25.398830645018155,0.0017031780842308075,0.005704304881211513,0.17031780842308075,0.5704304881211513
Southern Andes,2014,2015,4475.735329461298,1247.778719762505,4.985710861841842,25.789676607401983,0.0011139422898900338,0.005770472073360312,0.11139422898900338,0.5770472073360312
Southern Andes,2015,2016,4480.721040323139,1248.0452078797748,-37.60738322194243,26.956754246306343,-0.008393154334649289,0.006454420900992968,-0.8393154334649289,0.6454420900992969
Southern Andes,2016,2017,4443.113657101197,1248.3362958398534,-67.135862594548,28.34976142048762,-0.015110093456026779,0.007663873682668043,-1.5110093456026779,0.7663873682668043
Southern Andes,2017,2018,4375.977794506649,1248.6581663865272,-22.636310348294185,25.603237901943995,-0.005172857681478756,0.006034175779646054,-0.5172857681478755,0.6034175779646054
Southern Andes,2018,2019,4353.341484158354,1248.920630894865,-40.53808128665813,25.94977050271366,-0.009311946107185635,0.0065321499597874345,-0.9311946107185635,0.6532149959787434
Southern Andes,2019,2020,4312.803402871697,1249.1901908292314,-28.156311429256267,28.340548702909857,-0.00652854044089009,0.00683792512232523,-0.652854044089009,0.683792512232523
Southern Andes,2020,2021,4284.64709144244,1249.511632424746,-27.999018663858664,35.820039400687854,-0.006534731581459771,0.008574542998819363,-0.6534731581459772,0.8574542998819363
Southern Andes,2021,2022,4256.648072778581,1250.024957665814,-24.094368057838505,43.24273954227486,-0.005660408764333341,0.010293967635675373,-0.5660408764333341,1.0293967635675372
Southern Andes,2022,2023,4232.553704720743,1250.772692902488,-41.30439245425599,47.95914134907887,-0.009758740310415315,0.01169223847254842,-0.9758740310415315,1.169223847254842
Southern Andes,2023,2024,4191.249312266486,1251.6918185198313,-50.03848428365572,47.54480191289456,-0.011938799282879355,0.011890955780200335,-1.1938799282879355,1.1890955780200334
New Zealand,2000,2001,66.0,19.0,0.0879743435703125,0.5917289805148116,0.0013329445995501894,0.00897379858607527,0.13329445995501893,0.897379858607527
New Zealand,2001,2002,66.08797434357031,19.009212061166057,-0.94077364134553,0.6310131979549193,-0.014235171386170012,0.010388985150725366,-1.4235171386170011,1.0388985150725367
New Zealand,2002,2003,65.14720070222478,19.019682459031078,-1.020883713895824,0.6429659917476624,-0.015670415657030076,0.01087823762711494,-1.5670415657030077,1.087823762711494
New Zealand,2003,2004,64.12631698832895,19.030547183644472,-1.4815955888514936,0.666833418053626,-0.023104329991712223,0.012455794914612817,-2.3104329991712222,1.2455794914612817
New Zealand,2004,2005,62.64472139947746,19.042226574546152,-0.534730129084154,0.5203010387611173,-0.008535916788171945,0.008701441796872078,-0.8535916788171946,0.8701441796872078
New Zealand,2005,2006,62.10999127039331,19.049333481444634,0.1857570750016101,0.467644549311449,0.0029907760603752826,0.007584966168893197,0.29907760603752825,0.7584966168893197
New Zealand,2006,2007,62.29574834539492,19.055072750104845,0.8406476913557156,0.5402074032023204,0.013494463325085951,0.009603933046747604,1.349446332508595,0.9603933046747605
New Zealand,2007,2008,63.13639603675063,19.062728596669018,-0.5992142058732299,0.67534105918383,-0.009490788887038111,0.01107372360735319,-0.9490788887038112,1.107372360735319
New Zealand,2008,2009,62.5371818308774,19.07468760154363,-2.1815863332370538,0.6538954777020072,-0.034884628142291936,0.014917969851609527,-3.4884628142291936,1.4917969851609527
New Zealand,2009,2010,60.355595497640344,19.08589233942813,-0.1010482490554054,0.5867978499081477,-0.0016742150950918207,0.009736748025545998,-0.16742150950918205,0.9736748025545997
New Zealand,2010,2011,60.25454724858494,19.094910790807543,-1.489786079497439,0.6848185589572584,-0.024724873848129793,0.013804585822340643,-2.4724873848129794,1.3804585822340643
New Zealand,2011,2012,58.7647611690875,19.10718698729854,-1.8505679072267327,0.6501157133600923,-0.0314911159410991,0.015074232755638546,-3.14911159410991,1.5074232755638546
New Zealand,2012,2013,56.91419326186077,19.11824377416368,-0.2441112063576637,0.5695291275046163,-0.004289109488638698,0.010109991398146417,-0.4289109488638698,1.0109991398146416
New Zealand,2013,2014,56.6700820555031,19.126724979343027,0.0497800113362103,0.5597612749575636,0.0008784178446654689,0.009881993162293535,0.08784178446654689,0.9881993162293535
New Zealand,2014,2015,56.71986206683931,19.13491419161232,-0.2056041796257262,0.5558625201204962,-0.0036249061992329945,0.009876142222557133,-0.36249061992329945,0.9876142222557134
New Zealand,2015,2016,56.51425788721359,19.14298629424472,-0.1545894695964328,0.6856278160308884,-0.002735406521748007,0.012167274978009202,-0.27354065217480067,1.2167274978009202
New Zealand,2016,2017,56.35966841761716,19.155260628969696,-1.3500601973377886,0.6161128462469087,-0.023954367285024352,0.013630419416499357,-2.3954367285024354,1.3630419416499358
New Zealand,2017,2018,55.00960822027937,19.16516644339587,-0.5357355420070528,0.7189885870435461,-0.009738944874171148,0.013503467740283735,-0.9738944874171148,1.3503467740283734
New Zealand,2018,2019,54.473872678272315,19.178648268096634,-2.020976853697841,0.8250098284441189,-0.03709992982569672,0.01999957927728317,-3.7099929825696725,1.9999579277283168
New Zealand,2019,2020,52.452895824574476,19.19638483174359,-1.8455830286413584,0.7683584298466601,-0.03518553169712114,0.019503754612342154,-3.518553169712114,1.9503754612342155
New Zealand,2020,2021,50.60731279593312,19.21175591363558,-1.3979458572570234,0.7189742168527151,-0.027623396304285976,0.017657958684365257,-2.7623396304285976,1.7657958684365256
New Zealand,2021,2022,49.2093669386761,19.225204529721154,-0.0666513400570155,0.9327021431578773,-0.0013544441679177728,0.01896113726567262,-0.13544441679177727,1.8961137265672618
New Zealand,2022,2023,49.142715598619084,19.247816044877975,-1.8364658742589808,0.9694595669524252,-0.03737005275122781,0.024564351375188222,-3.737005275122781,2.456435137518822
New Zealand,2023,2024,47.3062497243601,19.272215086736075,-1.2971385849938588,0.915939434460759,-0.02742002573765437,0.022353266026924633,-2.7420025737654368,2.235326602692463
Antarctic and subantarctic islands,2000,2001,26336.0,6734.0,-18.995791012237024,55.08026072784176,-0.0007212861107319647,0.002099559710408967,-0.07212861107319647,0.2099559710408967
Antarctic and subantarctic islands,2001,2002,26317.004208987764,6734.225258715501,-31.12965808605476,53.47723243260334,-0.0011828724059489788,0.0020544605637190278,-0.11828724059489788,0.20544605637190277
Antarctic and subantarctic islands,2002,2003,26285.87455090171,6734.437589696003,-16.125234566354507,54.28703506190431,-0.0006134562704059374,0.002071226690307189,-0.06134562704059374,0.20712266903071888
Antarctic and subantarctic islands,2003,2004,26269.749316335354,6734.656392993359,-29.725715486761946,38.141852438751904,-0.0011315568766496588,0.001480626841696149,-0.11315568766496588,0.1480626841696149
Antarctic and subantarctic islands,2004,2005,26240.02360084859,6734.764400674591,10.490007275767162,37.79291875859271,0.00039977125917782785,0.0014439277926173693,0.03997712591778278,0.14439277926173694
Antarctic and subantarctic islands,2005,2006,26250.513608124358,6734.870439533494,-0.2061686008879221,40.36237708961583,-7.853888269222827e-06,0.001537585601240258,-0.0007853888269222827,0.1537585601240258
Antarctic and subantarctic islands,2006,2007,26250.30743952347,6734.991385205062,-82.18509811946437,39.66497333125076,-0.0031308242125851577,0.001711271578006024,-0.31308242125851576,0.1711271578006024
Antarctic and subantarctic islands,2007,2008,26168.122341404003,6735.108185389138,-11.470246634669804,38.17883128629401,-0.000438328989945191,0.0014633377369654814,-0.0438328989945191,0.14633377369654813
Antarctic and subantarctic islands,2008,2009,26156.652094769335,6735.216395339808,-9.881790656837852,38.91017947159705,-0.0003777926403208903,0.0014907599540332729,-0.037779264032089026,0.14907599540332728
Antarctic and subantarctic islands,2009,2010,26146.7703041125,6735.3287888655195,-20.936619711003868,38.1472073897723,-0.0008007344489392193,0.0014734731547702631,-0.08007344489392193,0.1473473154770263
Antarctic and subantarctic islands,2010,2011,26125.833684401496,6735.436816090869,54.21030700577958,38.65199727371667,0.0020749694597553075,0.0015731977258634598,0.20749694597553076,0.15731977258634597
Antarctic and subantarctic islands,2011,2012,26180.043991407274,6735.547719409725,-23.802465555915493,38.415496505553065,-0.0009091835584282386,0.0014858851492566092,-0.09091835584282386,0.14858851492566091
Antarctic and subantarctic islands,2012,2013,26156.241525851357,6735.657267915085,-7.772400110473913,37.8848645988477,-0.0002971527886677491,0.001450426258251037,-0.029715278866774913,0.1450426258251037
Antarctic and subantarctic islands,2013,2014,26148.469125740885,6735.7638092337365,-50.85851340701423,38.22463497018672,-0.001944990093395122,0.0015453068978169542,-0.1944990093395122,0.15453068978169543
Antarctic and subantarctic islands,2014,2015,26097.610612333872,6735.872268422374,20.7809251461336,37.3194935400524,0.0007962769256857723,0.0014446900212011554,0.07962769256857724,0.14446900212011554
Antarctic and subantarctic islands,2015,2016,26118.391537480005,6735.975650275145,3.1301780762685625,37.44048198949635,0.0001198457443972667,0.0014338242859069082,0.01198457443972667,0.1433824285906908
Antarctic and subantarctic islands,2016,2017,26121.521715556275,6736.079701932814,32.89845255203744,38.232161340406,0.0012594385928307258,0.0014992277931166534,0.12594385928307258,0.14992277931166534
Antarctic and subantarctic islands,2017,2018,26154.420168108314,6736.188198748015,-47.9765486112687,39.08530865491247,-0.0018343571871560526,0.0015673078226026652,-0.18343571871560527,0.15673078226026652
Antarctic and subantarctic islands,2018,2019,26106.443619497044,6736.301589915988,-26.68093690435365,37.37653091461051,-0.0010220058041313432,0.0014557819109598652,-0.10220058041313432,0.14557819109598652
Antarctic and subantarctic islands,2019,2020,26079.76268259269,6736.405281406982,45.08614127117214,39.50329539223523,0.001728778816736148,0.0015791611042188713,0.17287788167361479,0.15791611042188713
Antarctic and subantarctic islands,2020,2021,26124.84882386386,6736.521107048855,-77.34985364357878,41.07037544759855,-0.002960777081049488,0.0017476592913497344,-0.29607770810494877,0.17476592913497344
Antarctic and subantarctic islands,2021,2022,26047.49897022028,6736.646302237794,-31.329553932028546,41.89878316579056,-0.0012027854946015033,0.0016383561363024998,-0.12027854946015032,0.16383561363024998
Antarctic and subantarctic islands,2022,2023,26016.169416288252,6736.7765963764095,-47.739787569614585,45.09507993888022,-0.0018350044853154119,0.001797297758682141,-0.18350044853154118,0.1797297758682141
Antarctic and subantarctic islands,2023,2024,25968.429628718637,6736.927524897356,-60.08931641518733,64.35166346523269,-0.0023139372412698455,0.0025497460184825318,-0.23139372412698456,0.25497460184825316
Alaska,2000,2001,16497.0,4190.0,45.88379869548132,50.97137265990765,0.0027813419831170102,0.003169463363040622,0.278134198311701,0.31694633630406216
Alaska,2001,2002,16542.883798695482,4190.310022042621,-27.10431231414758,45.315105856652586,-0.0016384272926032969,0.002770510865585974,-0.1638427292603297,0.2770510865585974
Alaska,2002,2003,16515.779486381336,4190.555039568104,-49.090521732004326,43.73940940981681,-0.0029723405893426727,0.00275363124553615,-0.2972340589342673,0.275363124553615
Alaska,2003,2004,16466.688964649333,4190.783300957609,-60.38343349383753,32.762711072604006,-0.0036670051656084966,0.0021976385762189883,-0.3667005165608497,0.21976385762189884
Alaska,2004,2005,16406.305531155496,4190.911365183231,-139.61243654977957,34.0179893706625,-0.008509681615075143,0.003004080406672149,-0.8509681615075143,0.30040804066721494
Alaska,2005,2006,16266.693094605716,4191.049426387477,-75.9364588983793,34.00214171122874,-0.00466821734797228,0.0024116226489734574,-0.466821734797228,0.24116226489734574
Alaska,2006,2007,16190.756635707337,4191.187354445486,-33.62467247388402,33.41346150038564,-0.002076782032516483,0.0021326100820277588,-0.20767820325164832,0.21326100820277588
Alaska,2007,2008,16157.131963233453,4191.320543632184,-49.64964952566811,33.02440892276953,-0.00307292467739008,0.002193897245272137,-0.30729246773900804,0.2193897245272137
Alaska,2008,2009,16107.482313707784,4191.45064518931,36.92273833725146,32.58004055973452,0.0022922724742543707,0.002108784863282938,0.22922724742543707,0.2108784863282938
Alaska,2009,2010,16144.405052045035,4191.577265195139,-91.88170145027088,32.24465731114693,-0.005691241092754427,0.0024844366356515262,-0.5691241092754427,0.24844366356515263
Alaska,2010,2011,16052.523350594764,4191.701288024456,-73.86920837996944,32.343385894189225,-0.004601719416108652,0.002345954160754605,-0.46017194161086517,0.23459541607546047
Alaska,2011,2012,15978.654142214795,4191.826067793961,-45.5027751725263,29.157521312501565,-0.002847722640939469,0.0019717841093109608,-0.2847722640939469,0.1971784109310961
Alaska,2012,2013,15933.151367042268,4191.927473571802,55.42475171089546,30.148080936014395,0.0034785806294128094,0.002101869532226883,0.34785806294128097,0.2101869532226883
Alaska,2013,2014,15988.576118753164,4192.035883728835,-119.81656842938212,29.00415627332505,-0.007493886105895824,0.0026741923294998607,-0.7493886105895824,0.2674192329499861
Alaska,2014,2015,15868.759550323783,4192.136220538559,-96.90050239940116,28.81743768287512,-0.00610636906382667,0.0024290048966356687,-0.610636906382667,0.24290048966356687
Alaska,2015,2016,15771.859047924381,4192.235267284736,-73.32394274102282,28.97833324745177,-0.004649036142043918,0.002214244101105237,-0.4649036142043918,0.2214244101105237
Alaska,2016,2017,15698.535105183359,4192.335420748646,-92.27650551738216,30.48923159059384,-0.005878032880081544,0.0024972231102789845,-0.5878032880081544,0.24972231102789846
Alaska,2017,2018,15606.258599665976,4192.446287468298,-83.06911803362412,27.636962973575063,-0.005322807994185235,0.0022761152437977086,-0.5322807994185235,0.22761152437977086
Alaska,2018,2019,15523.189481632353,4192.5373790855,-108.99297703385028,28.924411356939945,-0.007021300433317203,0.0026585636598115683,-0.7021300433317202,0.2658563659811568
Alaska,2019,2020,15414.196504598503,4192.637152986346,-144.96724967946653,31.31208913455925,-0.00940478795869889,0.003266544964772251,-0.940478795869889,0.3266544964772251
Alaska,2020,2021,15269.229254919037,4192.754076204259,-49.20877235678205,34.77656659343751,-0.0032227410784947948,0.002443434161282388,-0.32227410784947946,0.2443434161282388
Alaska,2021,2022,15220.020482562255,4192.8982998770025,-31.22685347401838,34.534193732586914,-0.002051695890277896,0.002338336349159606,-0.20516958902778962,0.2338336349159606
Alaska,2022,2023,15188.793629088237,4193.040515383583,-64.91355586052026,36.826519796080056,-0.0042737795670752645,0.002696405187673549,-0.42737795670752643,0.2696405187673549
Alaska,2023,2024,15123.880073227718,4193.20223173275,-100.73996979950844,54.88197386901296,-0.006660987082133656,0.004071742914021382,-0.6660987082133656,0.4071742914021382
Western Canada and USA,2000,2001,950.0,243.0,6.971917908706984,7.770347074198091,0.007338860956533667,0.008391963354205853,0.7338860956533667,0.8391963354205852
Western Canada and USA,2001,2002,956.9719179087069,243.12420343037323,-1.6612808463881623,5.303001415060549,-0.001735976589593766,0.005558961847143183,-0.1735976589593766,0.5558961847143183
Western Canada and USA,2002,2003,955.3106370623187,243.18203082806434,2.0771861792514,6.15785539194263,0.002174356799416541,0.006469639831781924,0.21743567994165408,0.6469639831781924
Western Canada and USA,2003,2004,957.3878232415701,243.25998294148118,-17.056030773498726,5.474498668109094,-0.017815174122175054,0.007292979678063354,-1.7815174122175055,0.7292979678063355
Western Canada and USA,2004,2005,940.3317924680714,243.3215761833645,-16.80729443592748,5.098743955840538,-0.017873791538850013,0.007126864910183276,-1.7873791538850012,0.7126864910183276
Western Canada and USA,2005,2006,923.5244980321439,243.37499178486698,-21.028659163977256,5.243764511689932,-0.022770006869103476,0.008261121596041063,-2.2770006869103474,0.8261121596041063
Western Canada and USA,2006,2007,902.4958388681666,243.4314763799828,-8.342113934146381,5.466772582464278,-0.009243382157427284,0.006550436358557352,-0.9243382157427285,0.6550436358557352
Western Canada and USA,2007,2008,894.1537249340203,243.49285265692401,1.7805033372420636,5.552152255552618,0.00199127206831627,0.006233025634738156,0.199127206831627,0.6233025634738156
Western Canada and USA,2008,2009,895.9342282712623,243.55614484072322,3.3868051381654745,5.504732963272803,0.0037801939375621783,0.00622947120224214,0.37801939375621785,0.6229471202242141
Western Canada and USA,2009,2010,899.3210334094279,243.61834449538543,-12.903706819800696,5.4242856469661485,-0.014348276466837746,0.007175431235464438,-1.4348276466837746,0.7175431235464438
Western Canada and USA,2010,2011,886.4173265896271,243.67872424455152,6.207456521254985,5.395873637429762,0.007002860092026122,0.006384438701702447,0.7002860092026122,0.6384438701702447
Western Canada and USA,2011,2012,892.6247831108822,243.73845839703526,12.22074313575233,5.865486060445464,0.013690795244516829,0.0075600439318096865,1.369079524451683,0.7560043931809687
Western Canada and USA,2012,2013,904.8455262466344,243.8090236814228,1.0773388501318926,5.4324703928133085,0.0011906328968666873,0.006012319816411105,0.11906328968666874,0.6012319816411105
Western Canada and USA,2013,2014,905.9228650967664,243.869538407439,-16.240657004636397,4.116542259273677,-0.017927196266209318,0.006628542609864821,-1.7927196266209318,0.6628542609864821
Western Canada and USA,2014,2015,889.6822080921299,243.9042797558701,-18.67077997041907,4.10333494994411,-0.020985897886457047,0.007373703330729728,-2.098589788645705,0.7373703330729728
Western Canada and USA,2015,2016,871.0114281217109,243.938793636726,-28.95006204561516,3.9570944448424368,-0.03323729300319791,0.010358046955370312,-3.323729300319791,1.0358046955370313
Western Canada and USA,2016,2017,842.0613660760957,243.9708868643687,-8.864805714406188,3.834622506304549,-0.010527505561400011,0.0054809595088520895,-1.052750556140001,0.5480959508852089
Western Canada and USA,2017,2018,833.1965603616895,244.001020422359,-4.836844783972129,3.8206528631956047,-0.0058051665286189625,0.004890528916781464,-0.5805166528618962,0.4890528916781464
Western Canada and USA,2018,2019,828.3597155777175,244.03093114491347,-8.838275285155387,3.6040232205551264,-0.01066961021757482,0.005367423375122355,-1.066961021757482,0.5367423375122354
Western Canada and USA,2019,2020,819.521440292562,244.0575430893866,-12.641308163481227,3.749470174141536,-0.015425231777912229,0.006483408217677601,-1.542523177791223,0.6483408217677601
Western Canada and USA,2020,2021,806.8801321290808,244.08634305387628,-11.421484744557484,4.360827162444375,-0.014155119564562942,0.006895276629673959,-1.4155119564562941,0.689527662967396
Western Canada and USA,2021,2022,795.4586473845234,244.1252950412048,-21.53130021966725,4.240476025698885,-0.02706778069540434,0.009870432092585988,-2.706778069540434,0.9870432092585988
Western Canada and USA,2022,2023,773.9273471648561,244.16212096858885,-12.492387413580618,4.953338050467668,-0.01614155057234279,0.008178997233673959,-1.6141550572342789,0.8178997233673959
Western Canada and USA,2023,2024,761.4349597512754,244.21236019850025,-33.28211098254605,8.20220532634242,-0.043709722749553995,0.017679518498159005,-4.3709722749554,1.7679518498159006
Arctic Canada north,2000,2001,24105.0,6264.0,-48.492413102801386,24.61363628578008,-0.0020117159553122333,0.0011471426328223055,-0.20117159553122332,0.11471426328223056
Arctic Canada north,2001,2002,24056.507586897198,6264.048357978346,-27.438732411778343,20.57040203524976,-0.0011405950058487847,0.000905196902339715,-0.11405950058487847,0.09051969023397151
Arctic Canada north,2002,2003,24029.06885448542,6264.0821332842615,2.272794777893257,18.71927441499457,9.458522057832477e-05,0.0007794163276815468,0.009458522057832477,0.07794163276815469
Arctic Canada north,2003,2004,24031.341649263315,6264.110103100497,-10.868112073559915,10.60807895900747,-0.0004522474122410506,0.00045689654117580115,-0.04522474122410506,0.045689654117580115
Arctic Canada north,2004,2005,24020.473537189755,6264.119085322765,9.330261455013746,10.070840801759664,0.00038842953868366276,0.00043132394678601,0.038842953868366274,0.043132394678601
Arctic Canada north,2005,2006,24029.803798644767,6264.127180776215,-27.634643373576694,10.277201295551182,-0.001150015356144324,0.0005222908355383872,-0.1150015356144324,0.05222908355383872
Arctic Canada north,2006,2007,24002.16915527119,6264.135611383732,-14.49033741307888,10.209223938194809,-0.0006037094947269219,0.00045358950843322896,-0.06037094947269219,0.04535895084332289
Arctic Canada north,2007,2008,23987.678817858112,6264.143930822412,-59.606055889383214,10.648915968014064,-0.002484861346609672,0.00078622095721538,-0.2484861346609672,0.078622095721538
Arctic Canada north,2008,2009,23928.072761968728,6264.152982285039,-59.05425797773865,10.559345915306942,-0.0024679905717939587,0.0007824216586494231,-0.24679905717939588,0.07824216586494231
Arctic Canada north,2009,2010,23869.01850399099,6264.161882108149,-44.75125504827651,10.522538217880888,-0.0018748678350889853,0.0006606407567622297,-0.18748678350889852,0.06606407567622297
Arctic Canada north,2010,2011,23824.267248942713,6264.170719980998,-30.430679211817186,11.217123705505449,-0.0012772975929896712,0.0005783330391099205,-0.12772975929896713,0.05783330391099205
Arctic Canada north,2011,2012,23793.836569730895,6264.180763111125,-83.30383705815383,12.264318449494825,-0.0035010678842826055,0.0010560550919750107,-0.35010678842826054,0.10560550919750107
Arctic Canada north,2012,2013,23710.532732672742,6264.192768939866,-72.92247186119154,11.314321234997632,-0.003075530722289741,0.0009422974771733816,-0.3075530722289741,0.09422974771733816
Arctic Canada north,2013,2014,23637.61026081155,6264.202986837473,7.95057993093942,10.05571359062613,0.000336352949524706,0.0004346497611130382,0.0336352949524706,0.04346497611130382
Arctic Canada north,2014,2015,23645.56084074249,6264.211057881059,-18.520099173347603,10.295458005816563,-0.0007832378896861071,0.00048232204197953436,-0.07832378896861071,0.04823220419795344
Arctic Canada north,2015,2016,23627.040741569144,6264.219518354612,-52.64644712831746,11.40563559537043,-0.002228228566757914,0.0007629168030216239,-0.2228228566757914,0.07629168030216239
Arctic Canada north,2016,2017,23574.394294440826,6264.2299018042295,-24.18813350213283,10.667766016672696,-0.001026034145353916,0.0005283011883231394,-0.10260341453539161,0.05283011883231394
Arctic Canada north,2017,2018,23550.206160938695,6264.238985215204,6.945037312449323,10.1698508645907,0.0002949034613534992,0.0004389037437354857,0.02949034613534992,0.04389037437354857
Arctic Canada north,2018,2019,23557.151198251144,6264.247240471645,14.803773171172445,10.16628960815724,0.0006284194997343932,0.00046278252141896504,0.06284194997343931,0.04627825214189651
Arctic Canada north,2019,2020,23571.954971422318,6264.255489936614,-58.8923231836455,11.265762722417737,-0.0024984064009558886,0.0008180773876724296,-0.24984064009558887,0.08180773876724295
Arctic Canada north,2020,2021,23513.062648238672,6264.265620215248,-54.56558148027142,10.682792272718984,-0.002320649687222215,0.00076724447435079,-0.23206496872222152,0.076724447435079
Arctic Canada north,2021,2022,23458.497066758402,6264.274729181461,-2.239494795578432,10.465258776084385,-9.546625213052898e-05,0.0004468458335150905,-0.009546625213052898,0.04468458335150905
Arctic Canada north,2022,2023,23456.257571962822,6264.283470940848,-37.476242418283874,12.149010669089307,-0.0015977076608793335,0.0006710644642289339,-0.15977076608793336,0.06710644642289339
Arctic Canada north,2023,2024,23418.781329544538,6264.295251882924,-44.019049041281086,17.25111324799982,-0.001879647297690413,0.000891867364511175,-0.1879647297690413,0.08918673645111751
Arctic Canada south,2000,2001,7648.0,1981.0,-31.828658494953373,19.01202496888099,-0.004161696978942648,0.0027095442951170705,-0.4161696978942648,0.27095442951170706
Arctic Canada south,2001,2002,7616.171341505046,1981.0912288669135,-22.03994632267151,16.849655046641296,-0.002893835410787404,0.002336902188638689,-0.2893835410787404,0.2336902188638689
Arctic Canada south,2002,2003,7594.131395182375,1981.1628827455377,-5.5967058673044985,15.24414578075768,-0.0007369777497996652,0.002016545106511589,-0.07369777497996652,0.20165451065115889
Arctic Canada south,2003,2004,7588.534689315071,1981.2215302558152,-8.486024053557571,8.946814501292303,-0.001118269125857222,0.0012146027317295207,-0.11182691258572221,0.12146027317295206
Arctic Canada south,2004,2005,7580.048665261514,1981.241731197613,-1.4671494901073976,8.59092279276655,-0.00019355409904308056,0.0011344883989693683,-0.019355409904308056,0.11344883989693683
Arctic Canada south,2005,2006,7578.581515771406,1981.2603567914405,-24.2248536106406,8.725038571651284,-0.003196489153046315,0.0014225874548041836,-0.3196489153046315,0.14225874548041836
Arctic Canada south,2006,2007,7554.356662160765,1981.279568281928,-17.097984159188556,8.645932099210997,-0.002263327629847177,0.0012892770560365197,-0.2263327629847177,0.12892770560365197
Arctic Canada south,2007,2008,7537.258678001576,1981.2984328044292,-33.1540408077942,8.83618271629957,-0.004398686873326821,0.0016466111748416456,-0.43986868733268214,0.16466111748416457
Arctic Canada south,2008,2009,7504.104637193782,1981.3181364834581,-37.1628977737753,8.797203770357678,-0.004952342693834377,0.001756154719689024,-0.49523426938343773,0.1756154719689024
Arctic Canada south,2009,2010,7466.941739420006,1981.3376665153419,-36.847830118826685,8.868505347550203,-0.004934795449694889,0.0017678418173692212,-0.49347954496948887,0.17678418173692212
Arctic Canada south,2010,2011,7430.093909301179,1981.3575142158368,-29.970014139117,9.346079604885425,-0.004033598297001305,0.0016550538983721073,-0.4033598297001305,0.16550538983721072
Arctic Canada south,2011,2012,7400.123895162063,1981.3795568602047,-41.75154929339208,9.168044648899084,-0.005642006794060267,0.001953696658878222,-0.5642006794060267,0.1953696658878222
Arctic Canada south,2012,2013,7358.372345868671,1981.4007674840104,-38.5652621599766,9.021169077331509,-0.005241004443275953,0.0018693977367962838,-0.5241004443275953,0.18693977367962838
Arctic Canada south,2013,2014,7319.807083708694,1981.42130373067,-9.379093521828558,8.627619895231184,-0.001281330698277979,0.0012286417555886708,-0.1281330698277979,0.12286417555886708
Arctic Canada south,2014,2015,7310.427990186866,1981.4400870838372,-14.425387850746011,8.662105003298494,-0.00197326173927298,0.0013000129283761098,-0.197326173927298,0.13000129283761097
Arctic Canada south,2015,2016,7296.00260233612,1981.4590207132453,-27.71112564848519,8.874598208655275,-0.003798124419474894,0.0015948464102474645,-0.3798124419474894,0.15948464102474644
Arctic Canada south,2016,2017,7268.291476687635,1981.4788944773695,-29.15938862497677,8.997741085196106,-0.004011862859174372,0.0016518818339913805,-0.4011862859174372,0.16518818339913804
Arctic Canada south,2017,2018,7239.132088062658,1981.4993233922373,-6.698300058839619,8.503286781702817,-0.0009252904874998935,0.0012016226548561488,-0.09252904874998935,0.12016226548561487
Arctic Canada south,2018,2019,7232.433788003818,1981.5175685544616,-1.1632489212322985,8.567773169735982,-0.00016083782518157833,0.0011854513859557228,-0.016083782518157834,0.11854513859557228
Arctic Canada south,2019,2020,7231.270539082586,1981.536091325887,-50.54712713038396,10.165852904921715,-0.006990075514004591,0.0023759729276752366,-0.6990075514004591,0.23759729276752367
Arctic Canada south,2020,2021,7180.723411952202,1981.5621680362083,-35.23772265203272,9.16363701489153,-0.004907266389536754,0.001860744503824179,-0.4907266389536754,0.1860744503824179
Arctic Canada south,2021,2022,7145.485689300169,1981.5833563177953,1.5608686349126528,8.899877803175794,0.00021844122328170597,0.0012469968274335563,0.021844122328170595,0.12469968274335563
Arctic Canada south,2022,2023,7147.046557935081,1981.6033422106982,-26.803353366935987,10.423143011124177,-0.0037502698701713773,0.0017911124722508832,-0.3750269870171377,0.1791112472250883
Arctic Canada south,2023,2024,7120.243204568145,1981.6307546490189,-24.485635912166988,12.66816791489078,-0.003438876342939761,0.0020202609939891647,-0.34388763429397606,0.20202609939891647
Greenland periphery,2000,2001,12525.0,3249.0,-41.2912682002374,58.14795528438563,-0.0032967080399391134,0.004720656576390171,-0.32967080399391135,0.4720656576390171
Greenland periphery,2001,2002,12483.708731799763,3249.5203007065143,-30.259115172023737,34.40693590362891,-0.002423888270874557,0.00282744260101378,-0.2423888270874557,0.282744260101378
Greenland periphery,2002,2003,12453.449616627739,3249.7024512933535,-4.633022444104562,34.04614316389751,-0.000372027236366588,0.002735595585045448,-0.0372027236366588,0.2735595585045448
Greenland periphery,2003,2004,12448.816594183634,3249.8807919378164,21.19402971840975,32.97931816599432,0.0017024935308559432,0.0026862169061403905,0.17024935308559433,0.26862169061403907
Greenland periphery,2004,2005,12470.010623902044,3250.0481222949707,-21.61789893283536,32.04279733381595,-0.0017335910597701487,0.00260900956120044,-0.17335910597701487,0.260900956120044
Greenland periphery,2005,2006,12448.39272496921,3250.206076250249,-73.56189179697199,32.43937331644711,-0.0059093485739263535,0.0030284144080369047,-0.5909348573926354,0.30284144080369046
Greenland periphery,2006,2007,12374.830833172238,3250.367956252831,-11.901237733591891,31.784423148203988,-0.0009617293273770803,0.002580865327449621,-0.09617293273770804,0.2580865327449621
Greenland periphery,2007,2008,12362.929595438647,3250.5233579517726,-54.51899453837374,31.52191269045421,-0.0044098766491793935,0.002800963369155166,-0.44098766491793934,0.2800963369155166
Greenland periphery,2008,2009,12308.410600900273,3250.6761960505587,-31.569572236755583,31.10083677864067,-0.0025648780545594156,0.0026160183740143402,-0.2564878054559416,0.261601837401434
Greenland periphery,2009,2010,12276.841028663517,3250.824971237003,-44.34081127000205,31.25895903949679,-0.0036117443539813504,0.0027198586869456665,-0.36117443539813504,0.27198586869456665
Greenland periphery,2010,2011,12232.500217393515,3250.9752561559576,-63.50411891699192,31.72351046941193,-0.0051914259381491586,0.0029375484753998513,-0.5191425938149159,0.29375484753998515
Greenland periphery,2011,2012,12168.996098476524,3251.1300338889546,-73.61889642826725,30.440425465101285,-0.006049709921222166,0.002978204634912583,-0.6049709921222166,0.2978204634912583
Greenland periphery,2012,2013,12095.377202048257,3251.27253806218,-45.04805361014524,30.60922366116791,-0.0037244025430241815,0.0027214839972553324,-0.37244025430241817,0.27214839972553323
Greenland periphery,2013,2014,12050.329148438112,3251.4166206948057,-37.84487762507106,29.86548229667335,-0.0031405679595047638,0.0026192574635909233,-0.31405679595047636,0.2619257463590923
Greenland periphery,2014,2015,12012.48427081304,3251.5537806352277,2.5817383158773253,29.81869955577704,0.00021492126505007992,0.002482990744571517,0.02149212650500799,0.2482990744571517
Greenland periphery,2015,2016,12015.066009128917,3251.690505445812,-9.433257622014974,29.670775706494453,-0.0007851190842270601,0.002478588596655016,-0.07851190842270601,0.2478588596655016
Greenland periphery,2016,2017,12005.632751506902,3251.8258714355334,-53.45383656825312,29.42922714128744,-0.004452396443789586,0.0027318782264047245,-0.4452396443789586,0.2731878226404724
Greenland periphery,2017,2018,11952.17891493865,3251.9590368803233,7.709968424686927,29.677298979337728,0.0006450680231242592,0.0024891984823404616,0.06450680231242592,0.24891984823404617
Greenland periphery,2018,2019,11959.888883363337,3252.0944512148335,12.001662332086804,30.323396520363502,0.0010034927957216706,0.002550065500718247,0.10034927957216705,0.2550065500718247
Greenland periphery,2019,2020,11971.890545695423,3252.235819862828,-73.00240051873962,29.982633840146075,-0.006097817236141383,0.003002688264120067,-0.6097817236141383,0.3002688264120067
Greenland periphery,2020,2021,11898.888145176685,3252.3740231300017,-39.04193946889865,30.614652227436416,-0.0032811418169961222,0.0027247298891024427,-0.3281141816996122,0.27247298891024424
Greenland periphery,2021,2022,11859.846205707787,3252.518108060559,-52.79326670883994,30.855775976776048,-0.004451429284422941,0.002873877464786255,-0.4451429284422941,0.2873877464786255
Greenland periphery,2022,2023,11807.052938998946,3252.6644650459975,-46.25762631952477,57.29462709790465,-0.0039177961307122495,0.004971154076583584,-0.39177961307122494,0.49711540765835843
Greenland periphery,2023,2024,11760.795312679422,3253.1690390244485,-86.27339719312873,57.41429456246441,-0.007335677128919724,0.005286748870697581,-0.7335677128919724,0.5286748870697581
Iceland,2000,2001,3372.0,880.0,-12.119282301800888,9.310404630398684,-0.0035940932093122446,0.002916059402335205,-0.35940932093122446,0.2916059402335205
Iceland,2001,2002,3359.880717698199,880.0492506867906,-7.880169982482089,8.367888437940389,-0.0023453719475733854,0.002565177588791385,-0.23453719475733853,0.2565177588791385
Iceland,2002,2003,3352.000547715717,880.0890325366471,-6.477842569043585,8.36938280349822,-0.001932530283581854,0.002547866503511421,-0.1932530283581854,0.2547866503511421
Iceland,2003,2004,3345.522705146673,880.1288267974201,-13.226291076562983,6.088712128121142,-0.003953430373141982,0.002096178240966808,-0.3953430373141982,0.20961782409668078
Iceland,2004,2005,3332.29641407011,880.1498873346416,-15.987179419707129,5.99819936892382,-0.004797646257458886,0.0022013263948432523,-0.4797646257458886,0.22013263948432524
Iceland,2005,2006,3316.309234650403,880.1703258863319,-15.450873871967536,6.0079084461037215,-0.004659057035613366,0.002193405343168078,-0.4659057035613366,0.2193405343168078
Iceland,2006,2007,3300.858360778436,880.1908301810173,-6.918354403676182,5.999031661951444,-0.0020959258615521567,0.001901409219097994,-0.20959258615521567,0.1901409219097994
Iceland,2007,2008,3293.9400063747594,880.2112734540666,-10.334411364747451,5.992230026517656,-0.003137401210935012,0.0020030612209240126,-0.3137401210935012,0.20030612209240126
Iceland,2008,2009,3283.6055950100117,880.2316699235039,-11.515369917058456,6.043201735721196,-0.00350692846137124,0.002066619473668741,-0.35069284613712404,0.2066619473668741
Iceland,2009,2010,3272.0902250929535,880.2524143809768,-2.9374468586318327,6.003653475507725,-0.0008977279526417661,0.001850632568365316,-0.08977279526417661,0.1850632568365316
Iceland,2010,2011,3269.1527782343214,880.2728877334533,-30.63731167132132,6.136665909617718,-0.009371636552228868,0.003145083076000966,-0.9371636552228868,0.31450830760009657
Iceland,2011,2012,3238.5154665630002,880.2942778111643,-8.189141762992667,5.100400734518575,-0.0025286715001190687,0.001718375152569275,-0.25286715001190685,0.1718375152569275
Iceland,2012,2013,3230.3263248000076,880.3090534776591,-6.796645559090764,5.067236920459668,-0.00210401206432652,0.0016701511916035053,-0.210401206432652,0.16701511916035053
Iceland,2013,2014,3223.5296792409167,880.3236373770388,-1.841311036856554,4.978535555370219,-0.0005712095808251251,0.001552294029359343,-0.05712095808251251,0.1552294029359343
Iceland,2014,2015,3221.68836820406,880.337714937294,-3.320306207595209,5.065130682758505,-0.0010306106078925702,0.0015972206943057634,-0.10306106078925702,0.15972206943057635
Iceland,2015,2016,3218.368061996465,880.3522862410534,6.969062312583269,5.069503127034173,0.002165402520263676,0.001682864864926717,0.21654025202636762,0.1682864864926717
Iceland,2016,2017,3225.3371243090482,880.3668824710552,-8.874125262517493,5.087582446639774,-0.0027513791335591203,0.0017470336157086623,-0.27513791335591203,0.17470336157086622
Iceland,2017,2018,3216.462999046531,880.3815827508865,-2.088827327397081,4.983430441185526,-0.0006494174899621978,0.0015595142943688452,-0.06494174899621978,0.15595142943688453
Iceland,2018,2019,3214.3741717191338,880.3956870782127,-1.3218772112160089,5.069432087275889,-0.00041123937058921593,0.0015811302921820809,-0.041123937058921596,0.15811302921820808
Iceland,2019,2020,3213.052294507918,880.4102821796243,-10.104679798740069,5.126351603463311,-0.003144884948188374,0.0018133198723870618,-0.3144884948188374,0.18133198723870617
Iceland,2020,2021,3202.9476147091777,880.4252066180114,-9.140112202280346,6.022850703712587,-0.0028536564757741917,0.002037459079714238,-0.28536564757741917,0.2037459079714238
Iceland,2021,2022,3193.8075025068974,880.4458070653567,-12.546547907083468,6.130173165829964,-0.003928398282374681,0.002203827868807878,-0.39283982823746816,0.22038278688078777
Iceland,2022,2023,3181.260954599814,880.4671477130821,1.975963970068084,6.617995812759047,0.000621126024638444,0.0020873965842839078,0.0621126024638444,0.20873965842839076
Iceland,2023,2024,3183.236918569882,880.492019311128,-10.314387865321638,9.371491575966754,-0.003240219980219234,0.0030774152345130934,-0.3240219980219234,0.30774152345130934
Svalbard and Jan Mayen,2000,2001,6507.0,1675.0,5.85973224228223,11.083688554617016,0.0009005274692304026,0.001719049627441402,0.09005274692304026,0.17190496274414022
Svalbard and Jan Mayen,2001,2002,6512.859732242282,1675.0366706887273,-11.143703096330642,10.105549871997376,-0.001711030722980737,0.0016128260170657207,-0.1711030722980737,0.16128260170657208
Svalbard and Jan Mayen,2002,2003,6501.716029145951,1675.0671539643392,-10.250925533265024,9.845739411238746,-0.0015766492241912878,0.0015678620336420195,-0.15766492241912877,0.15678620336420196
Svalbard and Jan Mayen,2003,2004,6491.465103612686,1675.096089445243,-16.59267211556013,7.089062030575299,-0.002556075069451707,0.0012757917564844986,-0.2556075069451707,0.12757917564844987
Svalbard and Jan Mayen,2004,2005,6474.872431497126,1675.11108995052,-13.80339462074514,6.085182907824757,-0.0021318403979047208,0.001089694861720927,-0.21318403979047207,0.1089694861720927
Svalbard and Jan Mayen,2005,2006,6461.069036876381,1675.1221427484745,-9.303333767132411,6.088282675861296,-0.0014399062622661792,0.0010135575935189235,-0.14399062622661793,0.10135575935189235
Svalbard and Jan Mayen,2006,2007,6451.7657031092485,1675.1332067367603,-4.636312178454609,6.065740312949929,-0.0007186113680818055,0.0009585024520333117,-0.07186113680818054,0.09585024520333117
Svalbard and Jan Mayen,2007,2008,6447.129390930794,1675.1441888738193,-4.167827196014192,6.03418694957874,-0.0006464624708598362,0.0009509021409728199,-0.06464624708598363,0.095090214097282
Svalbard and Jan Mayen,2008,2009,6442.96156373478,1675.1550569812541,8.898909088510552,6.130919812299276,0.0013811830166114071,0.0010170736087297184,0.13811830166114072,0.10170736087297184
Svalbard and Jan Mayen,2009,2010,6451.86047282329,1675.1662762566627,-7.622036302257484,6.094954749331444,-0.0011813702937878527,0.000993231123285466,-0.11813702937878527,0.09932311232854661
Svalbard and Jan Mayen,2010,2011,6444.238436521033,1675.1773642158046,-0.3143960034536954,7.094889280341375,-4.8787146309164856e-05,0.0011010393312234769,-0.004878714630916486,0.11010393312234769
Svalbard and Jan Mayen,2011,2012,6443.924040517579,1675.1923886631382,-16.06662024252455,6.1302030159850505,-0.002493297584127648,0.0011511402906170208,-0.2493297584127648,0.11511402906170208
Svalbard and Jan Mayen,2012,2013,6427.857420275054,1675.2036050653448,-3.3211945074716787,5.868641311831714,-0.000516687644158971,0.0009228779316766216,-0.0516687644158971,0.09228779316766215
Svalbard and Jan Mayen,2013,2014,6424.536225767582,1675.213884665112,-28.17079520779257,6.396883247663932,-0.004384876077872347,0.0015161460973595214,-0.43848760778723467,0.15161460973595214
Svalbard and Jan Mayen,2014,2015,6396.36543055979,1675.226098020819,-11.484639850071742,6.178035926857084,-0.0017954946406285362,0.0010742573245017054,-0.17954946406285363,0.10742573245017054
Svalbard and Jan Mayen,2015,2016,6384.880790709719,1675.237489915377,-12.732022496611268,5.976228809156995,-0.001994089304711361,0.001072300829543622,-0.1994089304711361,0.10723008295436219
Svalbard and Jan Mayen,2016,2017,6372.148768213107,1675.2481496568657,-26.151076923306224,6.115742545145028,-0.004103965220297198,0.0014440399774456332,-0.4103965220297198,0.1444039977445633
Svalbard and Jan Mayen,2017,2018,6345.997691289801,1675.2593128335777,-17.7612648718528,5.987427632022826,-0.0027988136359127615,0.0011983675796133518,-0.27988136359127613,0.11983675796133518
Svalbard and Jan Mayen,2018,2019,6328.236426417948,1675.270012423454,-18.7418685432444,6.226761519791363,-0.002961625843339911,0.0012581290086432168,-0.2961625843339911,0.12581290086432168
Svalbard and Jan Mayen,2019,2020,6309.494557874704,1675.2815844162749,-19.3136979603446,6.26384483144987,-0.0030610531133971287,0.0012830301767125538,-0.30610531133971286,0.12830301767125538
Svalbard and Jan Mayen,2020,2021,6290.180859914359,1675.2932945715436,-39.71242876629833,7.367721383032264,-0.006313400147104676,0.002049224741798857,-0.6313400147104676,0.20492247417988568
Svalbard and Jan Mayen,2021,2022,6250.4684311480605,1675.3094956320024,-7.953819778136595,7.091334393209247,-0.0012725157907366104,0.0011846876148735841,-0.12725157907366105,0.11846876148735841
Svalbard and Jan Mayen,2022,2023,6242.514611369924,1675.3245038434286,-42.11223980325151,8.2780330820747,-0.006746037842915029,0.002244153381024489,-0.6746037842915029,0.2244153381024489
Svalbard and Jan Mayen,2023,2024,6200.402371566673,1675.3449552286056,-24.48600796123645,11.62016898695594,-0.003949099831572624,0.002156578639687095,-0.39490998315726245,0.2156578639687095
Scandinavia,2000,2001,275.0,72.0,0.8445266836084478,0.923866344543825,0.0030710061222125377,0.0034543918321000107,0.3071006122212538,0.34543918321000106
Scandinavia,2001,2002,275.8445266836084,72.00592704092199,-2.1991190686074744,0.5545600353244062,-0.00797231358927722,0.0028935486279256513,-0.7972313589277221,0.2893548627925651
Scandinavia,2002,2003,273.6454076150009,72.0080625059122,-4.026071661226791,0.6161477892966664,-0.014712732423747373,0.004478708359378475,-1.4712732423747372,0.44787083593784754
Scandinavia,2003,2004,269.6193359537741,72.01069853815899,-4.215089346015239,0.599647084746878,-0.015633483151734753,0.004730820234447665,-1.5633483151734753,0.47308202344476646
Scandinavia,2004,2005,265.40424660775886,72.01319518379849,-0.6708575916169709,0.6414623711386273,-0.0025276822062626292,0.0025123525272124246,-0.2527682206262629,0.2512352527212425
Scandinavia,2005,2006,264.73338901614187,72.01605206169972,-1.028301421986082,0.5977995076624393,-0.003884290628423082,0.002493113867710648,-0.3884290628423082,0.2493113867710648
Scandinavia,2006,2007,263.70508759415577,72.01853316199106,-5.233164247312704,0.6179085420780166,-0.019844760277687876,0.005904502596809531,-1.9844760277687876,0.5904502596809531
Scandinavia,2007,2008,258.4719233468431,72.0211838959287,0.2174491141998074,0.6653668679534063,0.0008412871749633431,0.0025848840707178612,0.08412871749633431,0.2584884070717861
Scandinavia,2008,2009,258.68937246104286,72.0242573223782,0.2234919590341321,0.6348393161658972,0.0008639394688229363,0.0024658204282160157,0.08639394688229363,0.24658204282160157
Scandinavia,2009,2010,258.91286442007697,72.02705508208358,-1.850892814863128,0.5767912450269116,-0.007148709350571781,0.002986263962056105,-0.7148709350571781,0.29862639620561054
Scandinavia,2010,2011,257.06197160521384,72.02936451155071,-2.7932180431987925,0.5553297789362552,-0.010865932544423616,0.003733206184558058,-1.0865932544423615,0.3733206184558058
Scandinavia,2011,2012,254.26875356201504,72.03150521196412,-3.1497490108565325,0.6042335330282362,-0.012387479651872845,0.004238137150674869,-1.2387479651872846,0.4238137150674869
Scandinavia,2012,2013,251.1190045511585,72.03403946235176,1.616198486336387,0.5930602138415199,0.0064359863532635645,0.0029976414188500463,0.6435986353263564,0.2997641418850046
Scandinavia,2013,2014,252.7352030374949,72.03648076968288,-3.2996106704306336,0.6122441452849038,-0.013055603773333924,0.004440241915007404,-1.3055603773333924,0.4440241915007404
Scandinavia,2014,2015,249.43559236706426,72.03908248009776,-2.818199598557766,0.6439089028393591,-0.011298305794349355,0.004160699164701065,-1.1298305794349355,0.4160699164701065
Scandinavia,2015,2016,246.6173927685065,72.04196015690775,1.7778450224721014,0.6138097811187486,0.007208919867792615,0.0032602755680059274,0.7208919867792615,0.32602755680059275
Scandinavia,2016,2017,248.3952377909786,72.04457499143763,-1.1893070315883585,0.5968325053068001,-0.004787962290119044,0.0027751962729111903,-0.4787962290119044,0.277519627291119
Scandinavia,2017,2018,247.20593075939024,72.04704709241226,-0.0301437619599587,0.5534288605776797,-0.00012193785912562971,0.002239018231359628,-0.012193785912562972,0.22390182313596277
Scandinavia,2018,2019,247.1757869974303,72.04917264091233,-4.212927232509297,0.5456267605424232,-0.017044255360469815,0.005436547840635878,-1.7044255360469815,0.5436547840635878
Scandinavia,2019,2020,242.962859764921,72.05123862087181,-1.4351922971850946,0.6018051979337271,-0.00590704397607814,0.0030337881362875615,-0.590704397607814,0.3033788136287561
Scandinavia,2020,2021,241.5276674677359,72.05375185441817,0.4944919959301292,0.7062267943630811,0.0020473513494936773,0.002987109136296227,0.20473513494936774,0.2987109136296227
Scandinavia,2021,2022,242.02215946366604,72.05721277279011,-2.4255083424878463,0.6364868968277927,-0.010021844065282707,0.003977347234563118,-1.0021844065282706,0.3977347234563118
Scandinavia,2022,2023,239.59665112117818,72.06002378679166,-1.4723308948231677,0.873194474676976,-0.006145039540133317,0.0040862677563564724,-0.6145039540133317,0.40862677563564725
Scandinavia,2023,2024,238.12432022635502,72.06531410285801,-3.1568268459350413,0.8714005955469484,-0.013257053470784675,0.0054303085429374745,-1.3257053470784674,0.5430308542937474
Russian Arctic,2000,2001,11934.0,3095.0,8.519843072055021,16.83852313593046,0.0007139134466277042,0.0014230664065759823,0.07139134466277042,0.14230664065759824
Russian Arctic,2001,2002,11942.519843072056,3095.0458051313876,-10.13503584712864,14.884953959372003,-0.0008486513717628905,0.0012656395194757465,-0.08486513717628905,0.12656395194757467
Russian Arctic,2002,2003,11932.384807224927,3095.0815979091362,-7.559339588150589,14.936792206722348,-0.0006335145664740457,0.001262525490917898,-0.06335145664740457,0.1262525490917898
Russian Arctic,2003,2004,11924.825467636776,3095.1176400061436,-8.908960921205653,10.754602498668811,-0.000747093611171418,0.0009224773972694267,-0.0747093611171418,0.09224773972694267
Russian Arctic,2004,2005,11915.91650671557,3095.136324453594,-25.41459065221258,9.031469650025716,-0.0021328271843705374,0.0009388164655384618,-0.21328271843705374,0.09388164655384618
Russian Arctic,2005,2006,11890.501916063358,3095.1495011382153,-14.261778926584304,9.041293367543714,-0.001199426149313133,0.0008219827596505408,-0.11994261493131331,0.08219827596505408
Russian Arctic,2006,2007,11876.240137136774,3095.162706447256,-5.90635950470559,8.928674158972823,-0.0004973257054845597,0.0007629005946794866,-0.04973257054845597,0.07629005946794866
Russian Arctic,2007,2008,11870.333777632068,3095.175584777726,-16.05897200870474,8.71637492039037,-0.0013528660869642566,0.0008146370267910084,-0.13528660869642567,0.08146370267910084
Russian Arctic,2008,2009,11854.274805623363,3095.1878579168488,2.617551605043185,8.804955433054952,0.00022081077484398167,0.0007450005053974679,0.02208107748439817,0.07450005053974679
Russian Arctic,2009,2010,11856.892357228406,3095.200381725886,3.355955051219893,8.983269267720505,0.00028303833332635236,0.0007612353385965332,0.028303833332635236,0.07612353385965331
Russian Arctic,2010,2011,11860.248312279626,3095.2134178700517,1.8542126867048536,10.862218761176116,0.00015633843726400537,0.0009167592261050734,0.015633843726400535,0.09167592261050735
Russian Arctic,2011,2012,11862.10252496633,3095.2324775304396,-28.4607306217242,8.85990229576888,-0.0023992989912051854,0.0009745886781533295,-0.23992989912051854,0.09745886781533294
Russian Arctic,2012,2013,11833.641794344607,3095.245157952422,-8.370259542081753,8.583246633777788,-0.0007073274388009588,0.0007485496882483036,-0.07073274388009587,0.07485496882483035
Russian Arctic,2013,2014,11825.271534802525,3095.2570587837595,-24.013597848216985,8.93582131366647,-0.0020307016018654154,0.0009238740126079289,-0.20307016018654153,0.0923874012607929
Russian Arctic,2014,2015,11801.257936954307,3095.269957346732,1.6598696379314568,8.698154515198176,0.00014065192429476203,0.000737975803000051,0.014065192429476204,0.07379758030000509
Russian Arctic,2015,2016,11802.917806592239,3095.2821788562687,-19.01366050987852,8.974493519796871,-0.0016109288246723952,0.0008698417011774647,-0.16109288246723952,0.08698417011774648
Russian Arctic,2016,2017,11783.904146082361,3095.295189199109,-38.72567230076549,9.224829587638965,-0.003286319357378692,0.0011653241044347052,-0.3286319357378692,0.11653241044347051
Russian Arctic,2017,2018,11745.178473781596,3095.308935431174,-9.23312758170906,8.55164055408476,-0.0007861206709050772,0.0007569989346341252,-0.07861206709050772,0.07569989346341252
Russian Arctic,2018,2019,11735.945346199887,3095.3207485358016,-19.85869850503244,8.902138807527425,-0.0016921260213147388,0.0008800879080511285,-0.16921260213147388,0.08800879080511285
Russian Arctic,2019,2020,11716.086647694854,3095.333549779665,-27.58499190115624,9.0339738741464,-0.0023544544121806748,0.0009906986447944552,-0.23544544121806749,0.09906986447944552
Russian Arctic,2020,2021,11688.501655793698,3095.346732932442,-60.4847308697026,10.989710164137534,-0.005174720648623242,0.0016619010229507202,-0.5174720648623242,0.16619010229507203
Russian Arctic,2021,2022,11628.016924923995,3095.3662417886894,-4.299174110625859,10.867987304658904,-0.00036972547755850126,0.0009398057920883975,-0.03697254775585013,0.09398057920883975
Russian Arctic,2022,2023,11623.71775081337,3095.38532075622,-40.067190725521854,12.697161647787336,-0.0034470202722118016,0.0014268279759538376,-0.34470202722118015,0.14268279759538377
Russian Arctic,2023,2024,11583.650560087848,3095.411362301786,-34.07823465673737,18.704402660586183,-0.002941925300660911,0.0017959298795676027,-0.2941925300660911,0.17959298795676026
